﻿Designator,Mid X,Mid Y,Layer,Rotation
"Battery","-25.0942mm","-4.5767mm","Top",270
"C1","4.1375mm","4.2034mm","Top",0
"C2","0.0575mm","14.3508mm","Top",0
"Charge Regulator TP4056","-15.1924mm","30.2986mm","Top",0
"D1 Mini","15.7978mm","-22.8367mm","Top",0
"IRLB3034PbF","-8.7818mm","17.2837mm","Top",180
"J1","-5.9908mm","-12.8125mm","Top",90
"R1","-7.2608mm","-4.8021mm","Top",90
"R2","-3.1134mm","3.5319mm","Top",90
"SIM800L Module","-15.1924mm","-26.5932mm","Top",180
"Solar","-25.0942mm","9.4028mm","Top",270
"Ultrasonic Sensor","10.3875mm","18.3473mm","Top",90
"V Reg","4.9261mm","29.8992mm","Top",90
